{"cameraId": 0, "width": 3840, "height": 2160, "physicalWidth": 40, "physicalHeight": 31, "dpi": 86, "projection": [[1.3937778324432513, 0.09117512189917823, -997.6452516597149], [0.006811238700593147, 1.5189062302322986, -23.096910433711734], [-2.0445702693413834e-06, 6.269182327483749e-05, 1.0]], "circleParams": {"dp": 1.5, "minDist": 68, "param1": 80, "param2": 61, "minRadius": 57, "maxRadius": 61}, "communication": {"host": "127.0.0.1", "port": 5000}}