{"cameraId": 1, "width": 640, "height": 480, "physicalWidth": 40, "physicalHeight": 31, "dpi": 20, "projection": [[1.5452966689233327, 0.23964493796137246, -116.63271222023486], [-0.04163089958625081, 2.0058524346102566, -145.76870258763893], [-2.281321151853343e-05, 0.000477708337655125, 1.0]], "circleParams": {"dp": 1.5, "minDist": 100, "param1": 100, "param2": 100, "minRadius": 0, "maxRadius": 0}}