{"cameraId": 0, "width": 3840, "height": 2160, "physicalWidth": 40, "physicalHeight": 31, "dpi": 86, "projection": [[1.5612863941701534, 0.18425118937411727, -1414.544867980198], [-0.025809280369257753, 1.7479921704633714, -36.15176290268418], [3.2436915814557285e-06, 8.916954239199392e-05, 1.0]], "circleParams": {"dp": 1.5, "minDist": 68, "param1": 112, "param2": 92, "minRadius": 51, "maxRadius": 65},
"communication": {
"host": "127.0.0.1", "port": 5000
}}
