{"cameraId": 0, "width": 3840, "height": 2160, "physicalWidth": 40, "physicalHeight": 31, "dpi": 86, "projection": [[1.4109966661402265, 0.08944968640152773, -1076.968453326883], [0.00875776853239463, 1.527605054007648, -37.22552070183755], [2.8544870730104877e-07, 6.0824416697121835e-05, 1.0]], "circleParams": {"dp": 1.5, "minDist": 68, "param1": 48, "param2": 29, "minRadius": 58, "maxRadius": 61}, "communication": {"host": "127.0.0.1", "port": 5000}}