{"cameraId": 2, "width": 3840, "height": 2160, "physicalWidth": 37, "physicalHeight": 25, "dpi": 86, "projection": [[6.128720209896308, 0.94038564067192, -459.9458595617419], [-0.08977042478434423, 6.861025322803485, -488.2485160556529], [-6.8995444368512186e-06, 0.0004638379956387032, 1.0]], "circleParams": {"dp": 1.5, "minDist": 7, "param1": 73, "param2": 45, "minRadius": 5, "maxRadius": 18}}